id,username,postLink,image,width,height,size_bytes
1,@forLansely,https://t.me/StableWaifuComments/17767675,img/works/work_001.jpg,558,771,99926
2,@Seraphimss,https://t.me/StableWaifuComments/17767971,img/works/work_002.jpg,556,556,62541
3,@Seraphimss,https://t.me/StableWaifuComments/17767978,img/works/work_003.jpg,555,555,98037
4,@Seraphimss,https://t.me/StableWaifuComments/17767985,img/works/work_004.jpg,548,548,88172
5,@ChrezDev,https://t.me/StableWaifuComments/17768874,img/works/work_005.jpg,539,389,54009
6,@crystalloli,https://t.me/StableWaifuComments/17769442,img/works/work_006.jpg,543,401,60766
7,@crystalloli,https://t.me/StableWaifuComments/17769671,img/works/work_007.jpg,540,731,96407
8,@venera_chan,https://t.me/StableWaifuComments/17770983,img/works/work_008.jpg,555,379,68460
9,@the_elv,https://t.me/StableWaifuComments/17771291,img/works/work_009.jpg,410,818,99657
10,@venera_chan,https://t.me/StableWaifuComments/17771353,img/works/work_010.jpg,560,817,133697
11,@venera_chan,https://t.me/StableWaifuComments/17772036,img/works/work_011.jpg,545,818,114820
12,@venera_chan,https://t.me/StableWaifuComments/17773566,img/works/work_012.jpg,548,375,65342
13,Азизбек,https://t.me/StableWaifuComments/17774692,img/works/work_013.jpg,532,777,70679
14,Азизбек,https://t.me/StableWaifuComments/17774740,img/works/work_014.jpg,560,818,74044
15,Азизбек,https://t.me/StableWaifuComments/17774831,img/works/work_015.jpg,559,818,86429
16,Азизбек,https://t.me/StableWaifuComments/17774896,img/works/work_016.jpg,560,818,121564
17,Азизбек,https://t.me/StableWaifuComments/17774941,img/works/work_017.jpg,560,818,111020
18,Азизбек,https://t.me/StableWaifuComments/17774980,img/works/work_018.jpg,556,812,120456
19,Азизбек,https://t.me/StableWaifuComments/17775030,img/works/work_019.jpg,559,818,86666
20,Азизбек,https://t.me/StableWaifuComments/17775087,img/works/work_020.jpg,557,814,92909
21,Азизбек,https://t.me/StableWaifuComments/17775221,img/works/work_021.jpg,552,807,84595
22,@DBcrimson,https://t.me/StableWaifuComments/17775269,img/works/work_022.jpg,576,795,111557
23,Азизбек,https://t.me/StableWaifuComments/17775405,img/works/work_023.jpg,560,818,87727
24,@DBcrimson,https://t.me/StableWaifuComments/17775518,img/works/work_024.jpg,473,655,95050
25,@venera_chan,https://t.me/StableWaifuComments/17776529,img/works/work_025.jpg,558,383,80763
26,Азизбек,https://t.me/StableWaifuComments/17777049,img/works/work_026.jpg,477,697,131561
27,@macsheacaich,https://t.me/StableWaifuComments/17778508,img/works/work_027.jpg,555,370,50708
28,@macsheacaich,https://t.me/StableWaifuComments/17790155,img/works/work_028.jpg,548,367,49722
29,@desu_chaan,https://t.me/StableWaifuComments/17787254,img/works/work_029.jpg,397,697,58856
30,@crystalloli,https://t.me/StableWaifuComments/17784943,img/works/work_030.jpg,514,697,114663
31,@Pixe1m4n,https://t.me/StableWaifuComments/17784652,img/works/work_031.jpg,401,697,61601
32,Азизбек,https://t.me/StableWaifuComments/17784459,img/works/work_032.jpg,476,697,108263
33,@Podpolniy_Krisich,https://t.me/StableWaifuComments/17784003,img/works/work_033.jpg,514,697,82643
34,@macsheacaich,https://t.me/StableWaifuComments/17784415,img/works/work_034.jpg,475,697,97112
35,Азизбек,https://t.me/StableWaifuComments/17784352,img/works/work_035.jpg,477,697,61649
36,@ShriMpik1,https://t.me/StableWaifuComments/17784023,img/works/work_036.jpg,502,697,78961
37,@Podpolniy_Krisich,https://t.me/StableWaifuComments/17783749,img/works/work_037.jpg,513,697,88642
38,@macsheacaich,https://t.me/StableWaifuComments/17783772,img/works/work_038.jpg,564,375,45108
39,@venera_chan,https://t.me/StableWaifuComments/17783690,img/works/work_039.jpg,464,697,86954
40,Азизбек,https://t.me/StableWaifuComments/17783170,img/works/work_040.jpg,475,697,64698
41,Азизбек,https://t.me/StableWaifuComments/17783039,img/works/work_041.jpg,477,697,93167
42,@macsheacaich,https://t.me/StableWaifuComments/17783038,img/works/work_042.jpg,464,697,77023
43,Азизбек,https://t.me/StableWaifuComments/17782842,img/works/work_043.jpg,477,697,60837
44,Азизбек,https://t.me/StableWaifuComments/17782827,img/works/work_044.jpg,477,697,85871
45,Азизбек,https://t.me/StableWaifuComments/17782576,img/works/work_045.jpg,476,697,63213
46,@crystalloli,https://t.me/StableWaifuComments/17782549,img/works/work_046.jpg,514,697,74092
47,Азизбек,https://t.me/StableWaifuComments/17782230,img/works/work_047.jpg,476,697,132241
48,Азизбек,https://t.me/StableWaifuComments/17782180,img/works/work_048.jpg,474,691,95987
49,Азизбек,https://t.me/StableWaifuComments/17782133,img/works/work_049.jpg,479,700,94021
50,Азизбек,https://t.me/StableWaifuComments/17781702,img/works/work_050.jpg,480,700,125665
51,Азизбек,https://t.me/StableWaifuComments/17781506,img/works/work_051.jpg,480,700,77712
52,@macsheacaich,https://t.me/StableWaifuComments/17781489,img/works/work_052.jpg,467,700,75882
53,Азизбек,https://t.me/StableWaifuComments/17781325,img/works/work_053.jpg,479,700,75285
54,Азизбек,https://t.me/StableWaifuComments/17781225,img/works/work_054.jpg,479,700,81393
55,Азизбек,https://t.me/StableWaifuComments/17781189,img/works/work_055.jpg,479,700,70468
56,Азизбек,https://t.me/StableWaifuComments/17781129,img/works/work_056.jpg,480,700,77238
57,Азизбек,https://t.me/StableWaifuComments/17781086,img/works/work_057.jpg,479,700,107903
58,Азизбек,https://t.me/StableWaifuComments/17781065,img/works/work_058.jpg,479,700,62166
59,Азизбек,https://t.me/StableWaifuComments/17781055,img/works/work_059.jpg,479,700,98530
60,Азизбек,https://t.me/StableWaifuComments/17781035,img/works/work_060.jpg,479,700,100169
61,Азизбек,https://t.me/StableWaifuComments/17781033,img/works/work_061.jpg,480,700,89665
62,Азизбек,https://t.me/StableWaifuComments/17781022,img/works/work_062.jpg,479,700,83437
63,Азизбек,https://t.me/StableWaifuComments/17781019,img/works/work_063.jpg,480,700,71986
64,@yukidaruma8,https://t.me/StableWaifuComments/17791211,img/works/work_064.jpg,575,418,64624
65,@forLansely,https://t.me/StableWaifuComments/17792146,img/works/work_065.jpg,563,406,55004
66,@Bonja007,https://t.me/StableWaifuComments/17804170,img/works/work_066.jpg,404,700,77831
67,@Bonja007,https://t.me/StableWaifuComments/17804087?single,img/works/work_067.jpg,517,700,116430
68,@Bonja007,https://t.me/StableWaifuComments/17804087?single,img/works/work_068.jpg,556,410,59373
69,@venera_chan,https://t.me/StableWaifuComments/17803509,img/works/work_069.jpg,552,376,59123
70,@Erika_Demons_moon,https://t.me/StableWaifuComments/17799291,img/works/work_070.jpg,575,393,64033
71,@ShriMpik1,https://t.me/StableWaifuComments/17794516,img/works/work_071.jpg,1248,1728,273523
72,@ShriMpik1,https://t.me/StableWaifuComments/17794504,img/works/work_072.jpg,474,655,86842
73,@ShriMpik1,https://t.me/StableWaifuComments/17794120,img/works/work_073.jpg,509,707,76519
74,@ianmaysky,https://t.me/StableWaifuComments/17793682,img/works/work_074.jpg,471,707,86157
75,@forLansely,https://t.me/StableWaifuComments/17815223,img/works/work_075.jpg,556,317,44197
76,@ShriMpik1,https://t.me/StableWaifuComments/17808703,img/works/work_076.jpg,509,707,100516
77,@Erika_Demons_moon,https://t.me/StableWaifuComments/17807362,img/works/work_077.jpg,539,360,58554
78,@forLansely,https://t.me/StableWaifuComments/17816404,img/works/work_078.jpg,542,391,69329
79,@forLansely,https://t.me/StableWaifuComments/17817291,img/works/work_079.jpg,509,707,107953
80,@sseltraeh,https://t.me/StableWaifuComments/17828408,img/works/work_080.jpg,521,707,95545
81,Азизбек,https://t.me/StableWaifuComments/17827872,img/works/work_081.jpg,559,383,62187
82,@sseltraeh,https://t.me/StableWaifuComments/17827679,img/works/work_082.jpg,559,560,87981
83,@the_elv,https://t.me/StableWaifuComments/17827035,img/works/work_083.jpg,559,373,57389
84,Азизбек,https://t.me/StableWaifuComments/17826671,img/works/work_084.jpg,548,375,72367
85,@the_elv,https://t.me/StableWaifuComments/17826605,img/works/work_085.jpg,533,364,76520
86,@the_elv,https://t.me/StableWaifuComments/17826453,img/works/work_086.jpg,482,707,106806
87,@the_elv,https://t.me/StableWaifuComments/17826273,img/works/work_087.jpg,577,328,58015
88,@the_elv,https://t.me/StableWaifuComments/17826123,img/works/work_088.jpg,575,394,63070
89,@the_elv,https://t.me/StableWaifuComments/17825788,img/works/work_089.jpg,565,387,72634
90,@the_elv,https://t.me/StableWaifuComments/17825537,img/works/work_090.jpg,555,321,53358
91,@sseltraeh,https://t.me/StableWaifuComments/17825420,img/works/work_091.jpg,561,415,64722
92,@YormiFB,https://t.me/StableWaifuComments/17825375,img/works/work_092.jpg,556,371,69110
93,@sseltraeh,https://t.me/StableWaifuComments/17825182,img/works/work_093.jpg,552,407,50422
94,@forLansely,https://t.me/StableWaifuComments/17824216,img/works/work_094.jpg,509,707,67402
95,@forLansely,https://t.me/StableWaifuComments/17824197,img/works/work_095.jpg,510,707,113082
96,@forLansely,https://t.me/StableWaifuComments/17823866,img/works/work_096.jpg,404,707,84560
97,@sseltraeh,https://t.me/StableWaifuComments/17823677,img/works/work_097.jpg,435,588,61882
98,Азизбек,https://t.me/StableWaifuComments/17823155,img/works/work_098.jpg,557,381,54646
99,@ianmaysky,https://t.me/StableWaifuComments/17822406,img/works/work_099.jpg,556,369,49893
100,@alenxxz,https://t.me/StableWaifuComments/17822151,img/works/work_100.jpg,548,397,78262
101,@alenxxz,https://t.me/StableWaifuComments/17821839,img/works/work_101.jpg,539,389,60397
102,@Erika_Demons_moon,https://t.me/StableWaifuComments/17821737,img/works/work_102.jpg,392,588,63478
103,@sseltraeh,https://t.me/StableWaifuComments/17820899,img/works/work_103.jpg,435,588,58595
104,@sseltraeh,https://t.me/StableWaifuComments/17820838,img/works/work_104.jpg,436,588,85612
105,Азизбек,https://t.me/StableWaifuComments/17820748,img/works/work_105.jpg,559,382,64601
106,Азизбек,https://t.me/StableWaifuComments/17820399,img/works/work_106.jpg,559,382,62189
107,Азизбек,https://t.me/StableWaifuComments/17819281,img/works/work_107.jpg,559,382,70137
108,Азизбек,https://t.me/StableWaifuComments/17819263,img/works/work_108.jpg,548,375,78643
109,@crystalloli,https://t.me/StableWaifuComments/17819206,img/works/work_109.jpg,533,394,51714
110,@Erika_Demons_moon,https://t.me/StableWaifuComments/17818964,img/works/work_110.jpg,564,375,50948
111,@forLansely,https://t.me/StableWaifuComments/17828689,img/works/work_111.jpg,577,417,41113
112,Азизбек,https://t.me/StableWaifuComments/17828630,img/works/work_112.jpg,575,394,56669
113,@Elloree,https://t.me/StableWaifuComments/17838542,img/works/work_113.jpg,425,588,49726
114,@forLansely,https://t.me/StableWaifuComments/17836969,img/works/work_114.jpg,425,588,89340
115,Азизбек,https://t.me/StableWaifuComments/17836892,img/works/work_115.jpg,561,384,69606
116,Азизбек,https://t.me/StableWaifuComments/17836841,img/works/work_116.jpg,556,381,52319
117,Азизбек,https://t.me/StableWaifuComments/17836138,img/works/work_117.jpg,552,377,56606
118,@forLansely,https://t.me/StableWaifuComments/17836130,img/works/work_118.jpg,425,588,60873
119,@forLansely,https://t.me/StableWaifuComments/17836077,img/works/work_119.jpg,425,588,69027
120,Азизбек,https://t.me/StableWaifuComments/17835903,img/works/work_120.jpg,474,324,46903
121,Азизбек,https://t.me/StableWaifuComments/17835488,img/works/work_121.jpg,558,382,55960
122,Азизбек,https://t.me/StableWaifuComments/17835437,img/works/work_122.jpg,557,381,63977
123,Азизбек,https://t.me/StableWaifuComments/17835400,img/works/work_123.jpg,556,379,44982
124,Азизбек,https://t.me/StableWaifuComments/17835331,img/works/work_124.jpg,548,375,50473
125,Азизбек,https://t.me/StableWaifuComments/17835308,img/works/work_125.jpg,539,368,59465
126,Азизбек,https://t.me/StableWaifuComments/17835270,img/works/work_126.jpg,542,371,54450
127,Азизбек,https://t.me/StableWaifuComments/17835259,img/works/work_127.jpg,541,369,65079
128,AnVpAr,https://t.me/StableWaifuComments/17835206,img/works/work_128.jpg,556,379,63967
129,Азизбек,https://t.me/StableWaifuComments/17835152,img/works/work_129.jpg,559,382,36542
130,Азизбек,https://t.me/StableWaifuComments/17835097,img/works/work_130.jpg,559,382,58128
131,Азизбек,https://t.me/StableWaifuComments/17834695,img/works/work_131.jpg,559,382,60056
132,Азизбек,https://t.me/StableWaifuComments/17834550,img/works/work_132.jpg,548,375,73426
133,Азизбек,https://t.me/StableWaifuComments/17834441,img/works/work_133.jpg,533,363,68938
134,@sseltraeh,https://t.me/StableWaifuComments/17834382,img/works/work_134.jpg,564,416,54998
135,@alenxxz,https://t.me/StableWaifuComments/17834145,img/works/work_135.jpg,577,328,60383
136,@Erika_Demons_moon,https://t.me/StableWaifuComments/17833907,img/works/work_136.jpg,358,538,61684
137,@Nunasw,https://t.me/StableWaifuComments/17832732,img/works/work_137.jpg,396,538,59898
138,@Nunasw,https://t.me/StableWaifuComments/17832098,img/works/work_138.jpg,396,538,57455
139,@Nunasw,https://t.me/StableWaifuComments/17831609,img/works/work_139.jpg,397,538,49350
140,@Erika_Demons_moon,https://t.me/StableWaifuComments/17851265,img/works/work_140.jpg,358,538,63742
141,@DablinElkiPalki,https://t.me/StableWaifuComments/17851033,img/works/work_141.jpg,552,318,58698
142,@Erika_Demons_moon,https://t.me/StableWaifuComments/17850796,img/works/work_142.jpg,358,538,40116
143,@Erika_Demons_moon,https://t.me/StableWaifuComments/17850715,img/works/work_143.jpg,358,538,56959
144,@DablinElkiPalki,https://t.me/StableWaifuComments/17850441,img/works/work_144.jpg,474,273,56318
145,@Erika_Demons_moon,https://t.me/StableWaifuComments/17850313,img/works/work_145.jpg,325,488,46651
146,@DablinElkiPalki,https://t.me/StableWaifuComments/17851373,img/works/work_146.jpg,557,321,46361
147,@Erika_Demons_moon,https://t.me/StableWaifuComments/17850264,img/works/work_147.jpg,326,488,47107
148,@ayanamiurey,https://t.me/StableWaifuComments/17849653,img/works/work_148.jpg,278,488,32533
149,Азизбек,https://t.me/StableWaifuComments/17849605,img/works/work_149.jpg,539,368,69298
150,@Rina_ds,https://t.me/StableWaifuComments/17849579,img/works/work_150.jpg,280,488,37246
151,@kazeivaa,https://t.me/StableWaifuComments/17851508,img/works/work_151.jpg,333,488,46047
152,@Rina_ds,https://t.me/StableWaifuComments/17849561,img/works/work_152.jpg,556,319,40556
153,@Rina_ds,https://t.me/StableWaifuComments/17849546,img/works/work_153.jpg,325,488,40077
154,Азизбек,https://t.me/StableWaifuComments/17849131,img/works/work_154.jpg,559,382,68919
155,@ayanamiurey,https://t.me/StableWaifuComments/17848948,img/works/work_155.jpg,488,488,70586
156,@forLansely,https://t.me/StableWaifuComments/17848726,img/works/work_156.jpg,352,488,35985
157,Азизбек,https://t.me/StableWaifuComments/17848539,img/works/work_157.jpg,533,304,37963
158,@alenxxz,https://t.me/StableWaifuComments/17848362,img/works/work_158.jpg,564,325,49747
159,@yukidaruma8,https://t.me/StableWaifuComments/17848324,img/works/work_159.jpg,575,431,62091
160,@aistenokd,https://t.me/StableWaifuComments/17851690,img/works/work_160.jpg,575,328,49521
161,@Erika_Demons_moon,https://t.me/StableWaifuComments/17848112,img/works/work_161.jpg,325,488,57892
162,@Erika_Demons_moon,https://t.me/StableWaifuComments/17848054,img/works/work_162.jpg,555,369,56076
163,@Elloree,https://t.me/StableWaifuComments/17848044,img/works/work_163.jpg,561,281,54383
164,@DablinElkiPalki,https://t.me/StableWaifuComments/17851758,img/works/work_164.jpg,282,488,40753
165,,https://t.me/StableWaifuComments/17847989,img/works/work_165.jpg,290,401,34646
166,@Erika_Demons_moon,https://t.me/StableWaifuComments/17847963,img/works/work_166.jpg,575,382,47527
167,@vivka_wuu,https://t.me/StableWaifuComments/17847379,img/works/work_167.jpg,352,488,54569
168,@the_elv,https://t.me/StableWaifuComments/17846952,img/works/work_168.jpg,474,315,46635
169,@alenxxz,https://t.me/StableWaifuComments/17846785,img/works/work_169.jpg,295,445,39124
170,@Tabayume,https://t.me/StableWaifuComments/17846482,img/works/work_170.jpg,328,445,50504
171,@Tabayume,https://t.me/StableWaifuComments/17846475,img/works/work_171.jpg,328,445,57149
172,Азизбек,https://t.me/StableWaifuComments/17846465,img/works/work_172.jpg,548,375,59780
173,Азизбек,https://t.me/StableWaifuComments/17846426,img/works/work_173.jpg,539,368,69206
174,Азизбек,https://t.me/StableWaifuComments/17846388,img/works/work_174.jpg,542,371,61711
175,@ayanamiurey,https://t.me/StableWaifuComments/17846212,img/works/work_175.jpg,253,445,23150
176,@ayanamiurey,https://t.me/StableWaifuComments/17845764,img/works/work_176.jpg,556,315,35263
177,Peachu ~,https://t.me/StableWaifuComments/17845587,img/works/work_177.jpg,559,404,55835
178,@journalistdeer,https://t.me/StableWaifuComments/17845437,img/works/work_178.jpg,295,445,49231
179,@ianmaysky,https://t.me/StableWaifuComments/17845384,img/works/work_179.jpg,559,372,46490
180,@Bonja007,https://t.me/StableWaifuComments/17845306,img/works/work_180.jpg,328,445,38526
181,@journalistdeer,https://t.me/StableWaifuComments/17845256,img/works/work_181.jpg,533,306,59735
182,@Bonja007,https://t.me/StableWaifuComments/17845119,img/works/work_182.jpg,328,445,45682
183,@journalistdeer,https://t.me/StableWaifuComments/17845099,img/works/work_183.jpg,577,332,47932
184,@Bonja007,https://t.me/StableWaifuComments/17844954,img/works/work_184.jpg,328,445,45989
185,@journalistdeer,https://t.me/StableWaifuComments/17844966,img/works/work_185.jpg,565,322,36117
186,@Bonja007,https://t.me/StableWaifuComments/17844901,img/works/work_186.jpg,328,445,40099
187,@kazeivaa,https://t.me/StableWaifuComments/17844771,img/works/work_187.jpg,304,445,39522
188,@kazeivaa,https://t.me/StableWaifuComments/17844673,img/works/work_188.jpg,303,445,49329
189,@kazeivaa,https://t.me/StableWaifuComments/17844609,img/works/work_189.jpg,304,445,37766
190,@Bonja007,https://t.me/StableWaifuComments/17844554,img/works/work_190.jpg,328,445,35233
191,@desu_chaan,https://t.me/StableWaifuComments/17843950,img/works/work_191.jpg,598,342,55415
192,@desu_chaan,https://t.me/StableWaifuComments/17843920,img/works/work_192.jpg,254,445,31566
193,@desu_chaan,https://t.me/StableWaifuComments/17843900,img/works/work_193.jpg,254,445,37449
194,@desu_chaan,https://t.me/StableWaifuComments/17843881,img/works/work_194.jpg,254,445,39710
195,@desu_chaan,https://t.me/StableWaifuComments/17843822,img/works/work_195.jpg,254,445,29079
196,@Erika_Demons_moon,https://t.me/StableWaifuComments/17842646,img/works/work_196.jpg,297,445,50955
197,Азизбек,https://t.me/StableWaifuComments/17842641,img/works/work_197.jpg,539,368,65499
198,@Erika_Demons_moon,https://t.me/StableWaifuComments/17842633,img/works/work_198.jpg,296,445,36672
199,Азизбек,https://t.me/StableWaifuComments/17842010,img/works/work_199.jpg,541,370,56619
200,Азизбек,https://t.me/StableWaifuComments/17841915,img/works/work_200.jpg,556,380,49462
201,Азизбек,https://t.me/StableWaifuComments/17841882,img/works/work_201.jpg,559,383,70075
202,Азизбек,https://t.me/StableWaifuComments/17841834,img/works/work_202.jpg,559,383,56778
203,@sseltraeh,https://t.me/StableWaifuComments/17841108,img/works/work_203.jpg,328,445,47916
